{
    "moves": {
        "Group Rotation/Translation (N-body) (2-body, symmetric)": {
            "acceptance": 0.952008245846491,
            "max rotation": "±14.323945°",
            "max translation": "±7.500000 Å",
            "relative time": 0.774127152933217,
            "runfraction": 1,
            "trials": 2501138
        },
        "Site Titration - Swap Move": {
            "acceptance": 0.0504084072243033,
            "relative time": 0.0949537540454395,
            "runfraction": 0.2,
            "trials": 4007030
        },
        "random": {
            "hardware": false,
            "range": [
                0.0,
                1
            ],
            "state": "3139407425 1548383373 3654413318 3021754433 2463608157 2270767166 1472316703 3936201956 519001812 1188048292 4113608835 1460436625 175375426 4294799853 1151527250 1142919374 2876802518 1989040332 1848106755 1918770978 3120336074 2429516389 2482934361 4269352924 3342259922 3382146917 3810319819 899527476 1370629692 2585471667 2987791353 4062265934 2445276820 3867876826 1023466478 611119920 4042777922 3631725264 1349775466 3893904570 4070936252 2391607321 2209908189 2423831193 915779506 489966336 687532827 4062483660 4009900732 4178984194 3599378008 4246112498 1605402404 1372231676 307244453 2539178635 782648833 1404276355 1912545217 640803206 1485664483 3287960805 629562991 1303523818 1411438804 4150694180 3346058919 596242292 1666179174 990967704 2579580905 2160328118 2108033753 4280975032 301995204 1336122572 44266724 645285919 152587535 4159494586 2018018062 764685065 1912796475 392087767 2931845887 3457994353 3199214483 4267216784 3920842400 3511459361 3675770697 1614162848 3842481827 3763498619 244849855 308769873 1373342929 1465611633 1223668695 383894823 2924321408 874503375 1421706822 350550447 1408192592 3432701372 300257049 3703770718 2266748771 1093458437 2362826920 2672588661 2142969654 1620625265 2742703776 2365391107 3025846134 2972830456 837843940 4143108779 4028034139 2549054907 181613790 3907722139 964771793 3522868885 2554909325 2723868989 3945700963 215890568 3853187196 146963196 102526115 1428561187 2222110974 2272635439 3889664302 2089204902 803938224 2088469483 2964003269 1053415408 2382145839 2682510377 4191286941 1387289533 451274259 3900189158 777828533 2896125591 2626907083 2945499073 2497262854 1895909569 3610682646 3656782212 1183109126 640084153 3841056573 1671911683 3985160773 4255950485 1132855001 3899961557 935233739 753702912 1379195677 2600145121 2711425566 791996226 754354823 372164011 2286781374 3380154521 142339916 977779126 3594151634 4149990851 207080737 2444887201 570102269 4144113368 155571179 3537897414 1861312209 3219678377 1995464424 4003406593 2690452674 1079121237 3377178381 1647713916 962424602 3872890079 494258407 2779090804 3963548137 2130959526 624524814 2852388633 1564519141 1529047311 478831997 2457443778 2060018327 2280986963 33136098 2539018602 430212439 3236674392 1930149993 727627473 2707182024 133778025 352054348 1572478995 4234029413 3113226777 2562247786 3628051177 2832093706 2003811899 230667476 1295831448 1545599209 170020008 2509084775 3638448007 2199295335 1254379466 3955722292 2273843476 864259124 4196966580 1525234475 3469163483 4203985366 2744392659 774546491 431055497 2680801893 3531929916 63193317 603535186 4115050370 2553030080 2026952035 62693025 2114972731 2758065043 2994612003 3034752560 1605028582 2840336928 3271842641 507925119 1286660553 3521718315 1860534488 433403827 2884863081 3387511200 3798502722 118363132 2749013301 315616797 3628230789 818667652 2023762822 3860049885 2637319972 76484317 4186882233 3832661173 4073579175 132655158 4079621860 2923573938 1525690970 2587856588 3737117082 1157667745 3233760751 2945244143 2394773313 3323931963 323771026 525740134 3724124417 4218896434 2844050042 578801406 4138998158 3236442148 1370352146 3708092752 597616007 3999640053 924955366 28640371 2548456524 899676934 2235347591 1263716236 403881461 349959353 72009680 3290259232 24643799 3487034347 3571148262 3631412562 1531723594 3948859569 3544909290 1470802078 3566017124 357690652 3774547581 3739037789 3961598823 1964690845 977219809 590804435 841519437 3114378865 3361577032 2550986926 1713612216 3607357103 655879326 2351392551 2280752275 2351642879 1030714908 1259698407 3426939365 3859536820 514692578 1980300789 3859952311 3912118287 885479535 964177930 584829500 3783448872 3588478558 1390974443 3104519314 1775416951 221594273 2841958289 1684127394 2061564283 4009509668 1277540379 1566342474 555444155 2429725393 1606714997 1127656966 3982824047 1106067297 1953865722 3055652975 1894689606 3175649052 2451222347 2948915612 4160586506 979985799 3286361320 3692410452 3172690314 2859461784 378808464 1507452260 1624601308 3554177738 3113274558 1168932180 1286636176 2451289980 2733645653 3490055497 2683860889 3726982969 1986797299 202848171 2835950234 3162901282 1659437269 2762599834 3746297543 3555625669 1933555527 3491478335 3441107878 4289465138 4229265741 2543722077 2191829104 1867499488 3421862798 564792877 2371532688 2725527025 1504895173 2263234153 2854231766 2526197157 1942463682 1687150355 1302909723 3484826410 370687218 835024936 2463388201 164341548 1080030587 2601733907 3069081653 820999297 1352654119 829419260 4091593714 3591035761 2391262914 3529606040 696847863 20898810 3414285630 3870922241 1878034530 2652482521 3394053564 2607678592 2977458947 4138354367 1738653038 300935353 3650108288 75187510 1313846528 1753568457 72615507 1043112679 1733560891 947670446 3703868468 578636244 2802298448 1128475394 1279791897 1963993477 545484301 37414588 3503260213 2630255719 1731729589 2282604930 2523448519 2865746247 157352270 475614782 91861015 1928813448 991090101 4130200597 2032716493 2125155771 3143600649 2210712399 645885956 4056673066 1819729666 1386682788 1905473479 3641827321 3432505992 4048554323 4256019639 3785194082 887102895 2088116640 2782882971 3430430172 2777226202 3031376700 1388713767 3329517536 603775100 1992951209 1672225083 425351006 1734416351 1396069987 721016550 59846824 2019034905 2503605046 2130131639 970898916 1154437040 3352018358 4030131632 1181428379 473820879 3669639465 1415035539 3939176888 2405535176 9770280 1408833008 2910650634 1958143962 3173310044 2376180153 484182658 752471217 2560888786 1899024460 30721189 2178661556 2802022132 1515859343 2614707333 757140708 3947721078 2374190824 498310793 461547487 2563857067 3963312258 1626934491 4155988969 1979786628 1589522647 1100203845 179953331 2238385224 3836982542 2184919494 1401051767 2960478670 4099278925 3718247883 98887036 855140196 1185196338 3573882537 2981839963 381243814 203749285 2391899918 2960440150 1620158261 64458625 849676006 3621582407 706271663 4287236425 1307164780 2281508426 2459997627 3824040751 1166072383 3831867626 2821340484 370813337 2345872898 481540529 394127351 2261946153 1751320633 1527713649 1446653485 3792447749 674127358 1993737835 3004342159 4002131398 4062835284 1425382009 3253181919 1932805485 3956129562 3900906666 732232691 2187978405 2815904652 2755680561 3400261467 1527720409 203679777 3819946718 4221378319 4190764032 2347755681 4121116855 859414063 1780419375 942638256 1399147213 1749249081 2412528392 3134141582 3145336166 2101206224 3148470780 4178985245 270975667 1423439427 702846331 630463972 496393873 3739472482 3239248177 1986808273 4117199979 1594946563 1548643530 1050936745 1419562176"
        }
    }
}
