{
    "moves": {
        "Group Rotation/Translation (N-body) (2-body, symmetric)": {
            "acceptance": 0.891481955525784,
            "max rotation": "±14.323945°",
            "max translation": "±7.500000 Å",
            "relative time": 0.809134896357027,
            "runfraction": 1,
            "trials": 250797
        },
        "Site Titration - Swap Move": {
            "acceptance": 0.0251720268414592,
            "relative time": 0.0819769008300703,
            "runfraction": 0.2,
            "trials": 398339
        },
        "random": {
            "hardware": false,
            "range": [
                0.0,
                1
            ],
            "state": "2023923050 852440909 3188259190 1035485238 2467830958 2945669452 1129632590 3256941181 204841005 1961254779 3034488922 1724642160 2086925037 1097388046 496346788 4221044610 1556697475 3497065567 2430797897 3914490454 6257974 2456968913 886508556 3412141178 461151413 932828677 1196765137 2925852968 642914745 1851281720 2622488701 3511008512 59859089 1898253395 3326335981 3039898927 2802278954 1849614931 2186247504 364399583 3788318398 3635512056 25405770 4148181797 2846078217 3381719503 2174121814 3138461009 3201001904 983506991 1654418910 5315022 1182668180 3764606203 3286268865 3769184699 1840236536 2852468324 11726673 2738019132 1284265497 3505896680 1421021652 2170840063 1234172847 143993308 3834452462 3736372877 935278519 2107497624 1779768257 1747901077 1275266958 1205596299 4192364720 2270970884 1913202926 2308531101 1203100921 48950537 1025458051 4114595179 51817648 3894692121 1356506537 471244144 454113547 4161226520 1959390697 2790307170 1570623409 4142263945 2290824908 85162719 2330260935 291658004 2999736835 1927239200 965719463 2559113917 287794971 3847465641 683250344 753468028 4163002137 1993444512 3348826541 2808535190 1900792120 2935575327 2241141271 728318561 3874160246 2703972267 4082341582 1417263629 1917705122 1954640027 3102507502 1671121395 66316562 3114571740 3084982766 2915947765 2229827755 3482316706 1957090852 3488385430 171024257 2104466612 2182921714 1756753440 78562521 266173386 2781363925 1581765442 4103798396 2243976998 4073962530 2233238935 371697379 3707088799 1216298514 4033595710 703262785 1894821369 2187728876 3952359611 38034127 1234889664 1000127726 2426887003 2402618441 306130554 3379355720 1403579642 1962398371 1322968939 540291507 1369005875 1479446932 1693824759 596519957 4115880774 1558282260 2111040060 155446090 1176331016 3550624294 2968908448 4223530610 449242911 3900726267 1618965331 213391069 1733168660 1194125617 1711890096 1989526989 3717776634 2624414058 1509424999 1040746973 3510704827 3384485565 2071148199 3147053126 1666083057 2416769121 619026019 2731328735 2890881034 1302768187 129431908 3272525492 1372657080 1146881199 33459272 505699840 2484378798 3154944369 1378477288 2617910105 1260707695 23286357 369216471 2456169079 762961614 2996591145 2586111970 2348094476 542071387 1288556145 1478477963 2950024653 156297449 3523919515 1146908160 2037838651 643958098 708580586 603136425 1765273371 1525088392 2159122547 2224922837 4181591166 1759990822 206457527 1306145460 1404200572 950273941 2165004237 2536791472 1304277570 2530264385 837651123 2365406589 1416316004 1697469140 3129244869 1494164090 3344994023 446028657 1056962443 2028514303 1158835902 3873711237 724924145 846460243 1896580934 1273234699 4121692487 4153275285 3880276752 3425296075 3437968759 2781409636 2593434324 3998294950 234820017 660932447 2929536193 2106996766 2145505164 2166037454 1443376528 1793273581 2493069745 2684953091 231180777 1605270352 3197328582 333166772 86673423 3669408713 3070610866 2434396299 906340889 508316425 2088886824 2915821770 901829928 3294704446 1582750285 3406845686 1559231794 2335563409 3556120118 2956732370 765298044 2743766503 1791289749 1546000651 3591514204 2659679461 2116974644 1658975084 3076352116 3373947717 761294551 3756202879 4075429067 3967929992 1417659948 3688699465 522296635 1803301210 1192969275 1389734457 340795782 937559266 2840187544 2328502692 1145971687 3020881696 4241447703 2780626143 2712854661 420945090 3141811075 3087638386 2548310346 2990653884 4071381820 3408358008 1758226276 1958927257 1711225624 263484632 1965730127 2341615578 2991887260 1976026178 1849224867 706454047 721684347 2505937574 989507440 3865104481 615950765 2144993611 800917265 2901907734 3396003461 3432938700 3095150061 504106946 3528915158 1914838013 369428457 3753532159 3008916691 1887272893 2212465286 43622998 1175121683 3486600954 3708361159 370051026 3642366721 1015508659 1324775769 3277855918 2226161865 360635286 832471850 3252383951 3116597656 2580778037 341579434 544442680 2677350996 1312012458 3408535869 510652627 4074558066 1538937079 437339633 3694320725 1681235845 3216671390 3084816450 2939914716 3759986360 354311364 590718998 1869817725 848858956 318997660 3558232767 449620933 2267054585 2210122805 2166619627 3778529796 3264574142 872548258 788565759 1469076352 3134120039 3888096444 2498036606 1698245881 1175415041 210889344 2765747383 661806975 4080525432 951041059 877420665 919085596 2848721092 3945148484 641873617 3566815316 1125546626 3655069245 1356415899 3561915622 1241675050 3891801619 3997711884 2733701294 575922082 3965908300 1213568647 434631875 1020813408 1973969309 178601447 2527541864 669642224 256179155 1117421320 1209241372 1029020130 1319620698 2242005737 740629645 3964861189 1500800955 687364524 1691943535 3204862838 2222649459 2174381007 3409804584 1047339050 1696480264 2635816751 850340174 2153566575 2793605714 3729127768 3677383830 1912260308 2489318843 3212330522 402629613 1213799640 500848062 242444116 495504024 2079570436 3379313407 1225071987 2167860234 2214104710 225536171 1067375988 707941498 2876657964 3078023254 710358596 3634047160 3345391463 4046184054 20469766 2693243149 1855004751 830297822 3220962864 901560044 1891168340 1855902357 678863247 1607848965 2424985888 516086348 4141045036 4245305113 771898936 3115292566 2624784294 3709922283 488218043 2263049233 100699406 1164222100 3521324863 2679970096 687459121 1702280227 3304240992 1026120908 1188147496 3477868890 1517929816 186535096 2634654403 2920407923 3057141190 2632748911 1116908221 455633324 2092684676 65840672 3459006340 3965932433 2074460590 697172935 3194568897 2794306507 3790795730 4293923091 2170219508 1854375693 3210404420 267265579 2362634973 1792654362 3759189082 3156343210 2200513832 3854728657 2346548632 727598389 3786412885 4272457247 2548526889 2003550628 2019765019 2385718942 2558203063 3772520642 931214922 2096266581 4181074091 438069287 3005953196 1357773630 3196236215 1835160942 3592464053 825921610 1252203839 2267170070 770451057 3145184197 914898063 4240299845 1398361200 656615545 4268828363 2209859805 4263786016 2592528455 2968403216 3362968856 3209498571 1119956276 2143834535 3922909409 1763689797 649457384 2357034088 2945726233 1693534215 3507414092 575017418 3083116565 4279667247 1391773314 1018481298 717295525 617231716 4095956161 3498104610 1100391688 2926012183 3988396607 3636050476 981489159 392852719 3737125080 1201071390 634394055 209568420 1474459423 333596213 3300463402 827695496 3620969611 2475517334 3711799811 3839314079 4112495409 2976076741 2093927414 1107782484 691555614 3117102935 3462892338 3358625431 2317925427 2539357281 373890062 4286316166 3297283947 2933148160 4197882778 3585567427 3200531467"
        }
    }
}
